timestamp,prompt,total_latency_ms,system_health_score,s1_latency,s1_completeness,s2_decision,s2_confidence,s3_yield_rate,s3_diversity,s4_precision_k,s4_visual_diversity,s4_best_match
2026-02-14T06:35:17.639Z,"futuristic city with flying cars",140737,0.56,8146,1.00,fetch_from_web,0,1.00,3,0.60,0.0000,0.7431
2026-02-15T12:06:19.670Z,"flying cars in a futuristic city",22347,0.76,6636,0.80,generate_with_model,0,0,0,1.00,0.0000,0.7252
2026-02-24T21:51:50.322Z,"A video of a dog walking upright on its hind legs, showcasing its movement and balance.",162487,0.76,3282,0.80,hybrid_fetch_and_enhance,0,1.00,3,1.00,0.0000,0.9500
2026-02-26T16:44:30.326Z,"An audio recording of a dog barking.",530434,0.76,3413,0.80,fetch_from_web,0,0.48,2,1.00,0.0000,0.9200
2026-02-26T17:30:10.615Z,"3 videos of a whimsical boat gently floating among fluffy clouds in a bright blue sky.",11687,0.80,4432,1.00,generate_with_model,0,0,0,1.00,0.0000,0.9600
2026-02-26T17:44:41.361Z,"A skilled barista pouring intricate latte art into a white ceramic cup, with a focus on the swirling patterns of the milk and coffee.",75364,0.80,3869,1.00,fetch_from_web,0,1.00,3,1.00,0.0000,0.9800
2026-02-26T17:50:58.473Z,"A soft piano background music track, approximately 3 minutes long.",129745,0.76,2792,0.80,fetch_from_web,0,0.58,3,1.00,0.0000,0.8800
2026-02-26T17:53:24.538Z,"highly detailed cinematic professional stock A video of a man in formal attire speaking confidently on a stage in front of a seated audience, with a spotlight focused on him and a microphone in hand.",9730,0.80,3425,1.00,generate_with_model,0,0,0,1.00,0.0000,0.9500
2026-02-26T18:05:23.733Z,"An image of an anthropomorphic cat dressed in full medieval knight armor, standing valiantly on a battlefield with a dramatic sky and scattered debris around.",10035,0.80,3808,1.00,generate_with_model,0,0,0,1.00,0.0000,0.9700
2026-03-01T18:35:48.980Z,"A rainy landscape scene with a focus on the atmosphere and mood, featuring raindrops falling and wet surfaces, in a realistic style.",61573,0.80,3773,1.00,fetch_from_web,0,1.00,3,1.00,0.0000,0.9500
2026-03-01T18:39:40.930Z,"make it rainy [user instruction: Create an image depicting a rainy scene with a focus on atmospheric details such as raindrops, puddles, and cloudy skies.]",8582,0.76,3987,0.80,generate_with_model,0,0,0,1.00,0.0000,0.9500
2026-03-01T18:46:17.391Z,"make it rainy [user instruction: Create an image depicting a rainy scene with a focus on atmospheric elements like raindrops, clouds, and reflections.]",7347,0.16,2178,0.80,generate_with_model,0,0,0,0.00,0.0000,0.1500
2026-03-01T18:54:00.306Z,"make it rainy [user instruction: Create a rainy image depicting the same scenery as the reference image provided.]",6736,0.20,3003,1.00,generate_with_model,0,0,0,0.00,0.0000,0.1000
2026-03-01T19:00:06.267Z,"make it rainy",8336,0.40,3634,1.00,generate_with_model,0,0,0,0.33,0.0000,0.8500
